,Genotype.KO,Genotype.WT
AnimalLine.FMKO,[0.00761858431041711],[0.078473060615453]
